shipment_id,route_version,sequence_no,location_id,planned_arrival,planned_departure
SHP001,ORIGINAL,1,LOC_CN_SZX_FACTORY,2026-08-23T03:15:00Z,2026-08-23T05:15:00Z
SHP001,ORIGINAL,2,LOC_CN_YTN_PORT,2026-08-23T07:15:00Z,2026-08-23T09:15:00Z
SHP001,ORIGINAL,3,LOC_SG_SIN_PORT,2026-08-26T09:15:00Z,2026-08-26T11:15:00Z
SHP001,ORIGINAL,4,LOC_SG_WAREHOUSE,2026-08-26T13:15:00Z,2026-08-26T14:15:00Z
SHP001,ORIGINAL,5,LOC_SG_CUSTOMER_A,2026-08-26T15:15:00Z,2026-08-26T15:15:00Z
SHP001,REROUTE_01,1,LOC_CN_SZX_FACTORY,2026-08-23T03:15:00Z,2026-08-23T05:15:00Z
SHP001,REROUTE_01,2,LOC_CN_YTN_PORT,2026-08-23T07:15:00Z,2026-08-23T09:15:00Z
SHP001,REROUTE_01,3,LOC_MY_KLANG_PORT,2026-08-26T07:15:00Z,2026-08-26T09:15:00Z
SHP001,REROUTE_01,4,LOC_SG_SIN_PORT,2026-08-26T17:15:00Z,2026-08-26T19:15:00Z
SHP001,REROUTE_01,5,LOC_SG_WAREHOUSE,2026-08-26T21:15:00Z,2026-08-26T22:15:00Z
SHP001,REROUTE_01,6,LOC_SG_CUSTOMER_A,2026-08-26T23:15:00Z,2026-08-26T23:15:00Z
